Row Labels,Average of Silhouette,Average of Davies Bouldin,Average of Calinski Harabasz
Birch,0.457750783,0.994046705,9000.099539
KMeans,0.348069,1.368547668,5951.955791
Spectral,0.539146399,0.79310129,13090.66684
Grand Total,0.448322061,1.051898554,9347.574056
,,,
,,,
Modelo,Silhouette,Davies Bouldin,Calinski Harabasz
Birch,0.457750783,0.994046705,9000.099539
KMeans,0.348069,1.368547668,5951.955791
Spectral,0.539146399,0.79310129,13090.66684